<?xml version="1.0" encoding="UTF-8"?>
<!-- Copyright 2006 VR Communications, Inc.			--> 
<!-- All rights reserved. 						-->
<!-- SAMPLE: GARAGE							-->
<!-- DITAMAP: HIERARCHY							-->
<!-- TARGET: PDF (FOP PROCESSOR)					-->

<!-- SAMPLE ANT BUILD SCRIPT TO CREATE PDF OUTPUT 		-->   
<!-- from the provided sample ("garage").				-->

<!-- This is a "user script," meant to be				-->
<!-- modified; however, be cautious in modifying the		-->
<!-- environment initialization section.				-->
 
<!-- 							-->
<!-- ENVIRONMENT INITIALIZATION SECTION 	-->
<!-- 							-->

<!-- Modify with caution. 						-->
<!-- garage_pdf is an arbitrary name alluding to the		--> 
<!-- source and target trees.						-->

<!-- default="all" means "build all the targets in the	-->	 
<!-- 'depends' target list" (below)					-->
<!-- (NOT all targets supported by DITA Open Toolkit). 	-->
<!-- basedir is the base directory for the Toolkit		--> 
<!-- executables (NOT the DITA source directory,		--> 
<!-- which is defined with projdir, below). 			-->
<!-- OK to modify.							-->
  <project name="garage_pdf" default="all" basedir="c:/ditaot">


<!-- Location of DITA source files (projdir) and target	--> 
<!-- output files (outdir). 						-->
<!-- OK to modify. 							-->
  <property name="projdir" value="c:/MY_DITA_SOURCE/samples/garage"/>
  <property name="outdir" value="c:/MY_DITA_OUTPUT/samples/garage"/>

<!-- Location of DITA Java classes. 				-->
<!-- DO NOT modify! 							-->
  <path id="dost.class.path">
    <pathelement location="${basedir}/lib/dost.jar"/>
  </path>
  
<!-- Ant task to initialize the processing environment. 	-->
<!-- Defines a new Ant task called "integrate" that		-->
<!-- executes the code defined in "classname".  		-->
<!-- DO NOT modify! 							-->
  <taskdef name="integrate" classname="org.dita.dost.platform.IntegratorTask">
    <classpath refid="dost.class.path"/>
  </taskdef>

<!-- dita2pdf is a somewhat arbitrary name that		-->
<!-- alludes to the source and target.				-->
<!-- It must match the target name in the instance		--> 
<!-- processing section below. 					-->
<!-- ${basedir} is the "basedir" defined above. 		-->
<!-- OK to modify. 							-->
  <target name="all" depends="integrate, dita2pdf"></target>
  <target name="integrate">
    <integrate ditadir="${basedir}"/>
  </target>

<!-- 						-->
<!-- INSTANCE PROCESSING SECTION 	-->
<!-- 						-->

<!-- Modify to process a particular source instance. 		-->
<!-- This sample builds only one target.				--> 
<!-- You could add other target sections				-->
<!-- to build to other targets					--> 
<!-- (for example, XHTML or HTML Help).				--> 
<!-- If you do that, you must also add appropriate names	--> 
<!-- (for example, dita2xhtml or dita2htmlhelp)			-->
<!-- to the "depends" list in the environment			--> 
<!-- initialization section above. 					-->

<!-- This section builds to a single target (pdf).		-->
<!-- Target name must match the target name in the		--> 
<!-- "depends" list in the environment initialization		--> 
<!-- section. 								--> 
  <target name="dita2pdf">

<!-- The properties included below are input parameters.	--> 
<!-- They are listed and defined in the DITA OT User Guide	--> 
<!-- and Reference. 							-->
  <ant antfile="${basedir}/conductor.xml" target="init">

<!-- projdir is defined in the environment initialization	--> 
<!-- section above. 							-->
  <property name="args.input" value="${projdir}/hierarchy.ditamap"/>

<!-- outdir is defined in the environment initialization	--> 
<!-- section above. 							-->
  <property name="output.dir" value="${outdir}/pdf"/>

<!-- Name of the DITA temporary directory where files		--> 
<!-- are stored during processing. 					-->
  <property name="dita.temp.dir" value="${outdir}/temp"/>

<!-- transformation type (target output type).			-->
  <property name="transtype" value="pdf"/>

<!-- The system default extname is .xml.				--> 			
<!-- The following statement changes				-->
<!-- the default to .dita.						--> 
<!-- If you use other extensions					--> 
<!-- (including .ditamap and .xml,					-->
<!-- but also extensions like .jpg and .gif),			--> 
<!-- you must specify the format attribute in			--> 
<!-- your source files (for example, format="xml").		-->
  <property name="dita.extname" value=".dita"/>
   
  </ant>
  </target>
  </project>
