<?xml version="1.0"?>
<!DOCTYPE dita PUBLIC "-//OASIS//DTD DITA Composite//EN" "ditabase.dtd">
<!-- Created with XMetaL 4.6 (http://www.xmetal.com) -->
<dita><task id="task_F868529D1CA143D38D75EEC9C5B2C140"><title>Installing into FrameMaker</title>
		<shortdesc>This task outlines the steps that are necessary to install the adapter into Adobe FrameMaker.</shortdesc>
		<taskbody><prereq><p><?xm-replace_text Task Prerequisite?></p></prereq>
			<context><p><?xm-replace_text Task Context?></p></context>
			<steps id="steps_8DB38308B7E94EFDAA467CB2C41EAD54"><step><cmd><?xm-replace_text Step?></cmd>
					<stepresult><?xm-replace_text Step Result?></stepresult></step></steps>
			<result><p><?xm-replace_text Task Result?></p></result>
			<example id="example_CCFFC39BF18442F094C9B4D06B73141B"><title><?xm-replace_text Example Title?></title></example><postreq>
				<p><?xm-replace_text Task Postrequisite?></p></postreq></taskbody></task></dita>
