<!-- 

integrator.xml is the primary entry point to the FrameMaker Adapter.

$Author: prescod $
$Date: 2006/04/09 00:21:12 $
$Revision: 1.3 $
$Log: integrator.xml,v $
Revision 1.3  2006/04/09 00:21:12  prescod

Substantially refactored with stubs for docs, a couple of templates and updated XSLT.

Revision 1.2  2006/02/27 11:10:20  prescod
Fix line endings, add explanatory comments and add RCS keywords.

$Header: /cvsroot/dita-ot/DITA-OT/demo/FrameMaker_adapter/integrator.xml,v 1.3 2006/04/09 00:21:12 prescod Exp $

-->

<project>

  <property name="FrameMakerExecutable" value="C:\Program Files\Adobe\FrameMaker7.2\FrameMaker.exe"/>

  <target name="dita2fmxml" depends="dita-preprocess, map2fmxml, topic2fmxml"/>

  <target name="topic2fmxml" if="noMap" depends="dita-preprocess">
    <antcall target="dita.map.fm">
      <!-- To do -->
    </antcall>
  </target>

  <target name="map2fmxml" unless="noMap" depends="dita-preprocess">
    <antcall target="dita.map.fm">
      <param name="input" value="${dita.temp.dir}${file.separator}${user.input.file}"></param>
      <param name="output" value="${dita.map.output.dir}${file.separator}${dita.map.filename.root}.xml"></param>
    </antcall>
  </target>

  <target name="dita.map.fm" description="Build FrameMaker-friendly XML output from ditamap">
    <condition property="args.xsl" value="${dita.dir}/demo/FrameMaker_adapter/xsl/fmxml_shell.xsl">
      <not>
        <isset property="args.xsl"/>
      </not>
    </condition>
    <xslt processor="trax"
          in="${input}"
          out="${dita.temp.dir}${file.separator}${dita.map.filename.root}_MERGED.xml"
          style="${dita.script.dir}${file.separator}topicmerge.xsl">
      <xmlcatalog refid="dita.catalog" />
    </xslt>
    <xslt processor="trax"
  	    in="${dita.temp.dir}${file.separator}${dita.map.filename.root}_MERGED.xml"
  		out="${output}"
          style="${args.xsl}">
      <param name="config-table-title" expression="${fmxml.table.title.type}" if="fmxml.table.title.type" />
      <param name="config-book" expression="${fmxml.make.book}" if="fmxml.make.book" />
      <param name="config-chapter-grouping" expression="${fmxml.chapter.grouping}" if="fmxml.chapter.grouping" />
      <param name="config-chapter-head" expression="${fmxml.chapter.head}" if="fmxml.chapter.head" />
      <param name="config-dl-as-table" expression="${fmxml.dl.as.table}" if="fmxml.dl.as.table" />
      <param name="config-codeblock-as-table" expression="${fmxml.codeblock.as.table}" if="fmxml.codeblock.as.table" />
      <param name="config-title-after-image" expression="${fmxml.title.after.image}" if="fmxml.title.after.image" />
	  <param name="config-text-frame-width" expression="${fmxml.text.frame.width}" if="fmxml.text.frame.width" />
      <xmlcatalog refid="dita.catalog" />
    </xslt>
  <exec executable="${FrameMakerExecutable}" spawn="true">
	<arg value="${output}"/>
  </exec>

  </target>

</project>
