<?xml version="1.0"?>
<!DOCTYPE dita PUBLIC "-//OASIS//DTD DITA Composite//EN" "ditabase.dtd">
<!-- Created with XMetaL 4.6 (http://www.xmetal.com) -->
<dita><topic id="topic_5F8830DEFB3C49A49ABF8907BCDD136C"><title>Running the FrameMaker adapter for the DITA Open Toolkit</title>
<body>
<p>This tutorial demonstrates how to generate sample documents in the DITA Open Toolkit using Ant and view the ouptut in Adobe FrameMaker.</p><p>The following tasks require the DITA Open Toolkit 1.2 or later and Adobe FrameMaker 7.0 or later. (If you are not using FrameMaker 7.2, you need to edit the value of the FrameMakerExecutable property in integrator.xml.) </p><p>Before you generate output, extract the contents of the FrameMaker_adapter.zip archive to C:\DITA-0T\demo.  You must also install the adapter plug-in and add the supplied DITA-OT (Styles) application to your FrameMaker installation. For information about working with a structured applications file, refer to the <i>Structure Application Developer's Guide</i> that is distributed with FrameMaker.</p></body><task id="task_15E271DC16D54366B04D3B6016E65D63"><title>To install the adapter plug-in</title>
<taskbody><steps id="steps_93857E0F82214E7E8C3FDBCA74A2F742"><step><cmd>Open a command window and change the path to the DITA-OT folder.</cmd></step><step><cmd>On the command line, type <tt>ant -f integrator.xml</tt> and press Enter.</cmd></step></steps></taskbody></task><task id="task_C9514BC2CB3C4E17AB4B98BCE3E8D475"><title>To add the DITA-OT application to your FrameMaker installation</title>
<taskbody><steps id="steps_CC329690AAAB47C581ABD5CA130F5E2E"><step><cmd>Open FrameMaker_adapter\DITAFM_app.fm. Select and copy the DITA-OT (Styles) application.</cmd></step><step><cmd>Open structapps.fm in your FrameMaker Structure folder (for example, C:\Program Files\Adobe\FrameMaker7.2\Structure) and paste the DITA-OT (Styles) application. Edit the pathnames in the application as necessary.</cmd></step><step><cmd>Select File&gt;Structure Tools&gt;Read Application Definitions.</cmd></step></steps></taskbody></task><task id="task_F1C5732937694E178DDDAFF222CFC369"><title>To generate sample FrameMaker output</title>
<taskbody><steps id="steps_B4414ECC219342F09502FFC3A1CE3BC0"><step><cmd>On the command line, type <tt>ant -Dargs.input="samples\sequence.ditamap" dita2fmxml</tt> and press Enter.</cmd><stepresult>Output is copied to C:\DITA-OT\out and FrameMaker is started.
</stepresult></step><step><cmd>In the Use Structured Application dialog, select the DITA-OT (Styles) application and press Continue.</cmd><stepresult>FrameMaker opens the output using the DITA-OT (Styles) application.</stepresult></step></steps></taskbody></task></topic><concept id="concept_6A0C9419EF7745FE90733F7E78E68D98"><title>FrameMaker Adapter Copyright Information</title>
<conbody><p>Copyright 2006 Mekon and Justsystems Canada Inc. </p><p>Licensed under the Apache License, Version 2.0 (the "License"); you may not use these files except in compliance with the License. You may obtain a copy of the License at http://www.apache.org/licenses/LICENSE-2.0.</p><p>Unless required by applicable law or agreed to in writing, software distributed under the License is distributed on an "AS IS" BASIS, WITHOUT WARRANTIES OR CONDITIONS OF ANY KIND, either express or implied. See the License for the specific language governing permissions and limitations under the License.</p></conbody></concept></dita>
